Project,Type,FileName,FileExt,Parent Directory,Relative Path,Voc URI,Age
GLAD7 (Malawi),Exclude,-1B -1C section list.doc,.doc,GLAD7 (Malawi)/,GLAD7 (Malawi)/-1B -1C section list.doc,,13.82
GLAD7 (Malawi),Exclude,1B Log Data.pdf,.pdf,GLAD7 (Malawi)/,GLAD7 (Malawi)/1B Log Data.pdf,,13.93
GLAD7 (Malawi),Exclude,1C 1m sample interval.xls,.xls,GLAD7 (Malawi)/,GLAD7 (Malawi)/1C 1m sample interval.xls,,13.93
GLAD7 (Malawi),Exclude,2A-2B Composite.pdf,.pdf,GLAD7 (Malawi)/,GLAD7 (Malawi)/2A-2B Composite.pdf,,13.93
GLAD7 (Malawi),Exclude,2A-2B Depth.xls,.xls,GLAD7 (Malawi)/,GLAD7 (Malawi)/2A-2B Depth.xls,,13.93
GLAD7 (Malawi),Exclude,CC checklist.doc,.doc,GLAD7 (Malawi)/,GLAD7 (Malawi)/CC checklist.doc,,13.82
GLAD7 (Malawi),Exclude,GLAD 7   MAL05 1D smear slides.doc,.doc,GLAD7 (Malawi)/,GLAD7 (Malawi)/GLAD 7   MAL05 1D smear slides.doc,,12.32
GLAD7 (Malawi),Exclude,GLAD7 1B 1C section list.xls,.xls,GLAD7 (Malawi)/,GLAD7 (Malawi)/GLAD7 1B 1C section list.xls,,13.82
GLAD7 (Malawi),Exclude,GLAD7 CC mblf.xls,.xls,GLAD7 (Malawi)/,GLAD7 (Malawi)/GLAD7 CC mblf.xls,,13.47
GLAD7 (Malawi),Exclude,GLAD7 Core InventoryLRC.xls,.xls,GLAD7 (Malawi)/,GLAD7 (Malawi)/GLAD7 Core InventoryLRC.xls,,13.96
GLAD7 (Malawi),Exclude,GLAD7 Core InventoryWholeCoreMSCL.xls,.xls,GLAD7 (Malawi)/,GLAD7 (Malawi)/GLAD7 Core InventoryWholeCoreMSCL.xls,,12.32
GLAD7 (Malawi),Exclude,GLAD7-MAL05 section import file4.xls,.xls,GLAD7 (Malawi)/,GLAD7 (Malawi)/GLAD7-MAL05 section import file4.xls,,13.90
GLAD7 (Malawi),Exclude,GLAD7-cc_working.xls,.xls,GLAD7 (Malawi)/,GLAD7 (Malawi)/GLAD7-cc_working.xls,,13.05
GLAD7 (Malawi),Exclude,GLAD7-metadata.xls,.xls,GLAD7 (Malawi)/,GLAD7 (Malawi)/GLAD7-metadata.xls,,10.28
GLAD7 (Malawi),Exclude,GLAD71C2A2Bcorrectedmblf.xls,.xls,GLAD7 (Malawi)/,GLAD7 (Malawi)/GLAD71C2A2Bcorrectedmblf.xls,,13.69
GLAD7 (Malawi),Exclude,GLAD7samples1C2A2Bmblf.xls,.xls,GLAD7 (Malawi)/,GLAD7 (Malawi)/GLAD7samples1C2A2Bmblf.xls,,13.62
GLAD7 (Malawi),Exclude,GLAD7samplesMBLF.xls,.xls,GLAD7 (Malawi)/,GLAD7 (Malawi)/GLAD7samplesMBLF.xls,,13.58
GLAD7 (Malawi),Exclude,JK Malawi budget.psd,.psd,GLAD7 (Malawi)/,GLAD7 (Malawi)/JK Malawi budget.psd,,13.59
GLAD7 (Malawi),Exclude,Malawi Contacts and Safety - updated 23 Dec 04.xls,.xls,GLAD7 (Malawi)/,GLAD7 (Malawi)/Malawi Contacts and Safety - updated 23 Dec 04.xls,,14.31
GLAD7 (Malawi),Exclude,Malawi smear slides 129E-3 through 132E-2.doc,.doc,GLAD7 (Malawi)/,GLAD7 (Malawi)/Malawi smear slides 129E-3 through 132E-2.doc,,12.48
GLAD7 (Malawi),Exclude,Malawi_AMS.xls,.xls,GLAD7 (Malawi)/,GLAD7 (Malawi)/Malawi_AMS.xls,,12.67
GLAD7 (Malawi),Exclude,Site 1 Log Data.pdf,.pdf,GLAD7 (Malawi)/,GLAD7 (Malawi)/Site 1 Log Data.pdf,,13.93
GLAD7 (Malawi),Exclude,Syracuse newspaper clipping.pdf,.pdf,GLAD7 (Malawi)/,GLAD7 (Malawi)/Syracuse newspaper clipping.pdf,,13.59
GLAD7 (Malawi),Exclude,letter to Marc Caffee.doc,.doc,GLAD7 (Malawi)/,GLAD7 (Malawi)/letter to Marc Caffee.doc,,13.39
GLAD7 (Malawi),Exclude,logged cumulative depth.xls,.xls,GLAD7 (Malawi)/,GLAD7 (Malawi)/logged cumulative depth.xls,,13.80
GLAD7 (Malawi),Exclude,malawi_SRTM_bath.gif,.gif,GLAD7 (Malawi)/,GLAD7 (Malawi)/malawi_SRTM_bath.gif,,13.89
GLAD7 (Malawi),Exclude,sample list blank sheet.xls,.xls,GLAD7 (Malawi)/,GLAD7 (Malawi)/sample list blank sheet.xls,,12.99
GLAD7 (Malawi),Exclude,GLAD7 sampling_20070109.xls,.xls,GLAD7 (Malawi)/sample requests/,GLAD7 (Malawi)/sample requests/GLAD7 sampling_20070109.xls,,12.31
GLAD7 (Malawi),Exclude,GLAD7JohnsonTEX86.xls,.xls,GLAD7 (Malawi)/sample requests/,GLAD7 (Malawi)/sample requests/GLAD7JohnsonTEX86.xls,,13.27
GLAD7 (Malawi),Exclude,LacCore_SRF_part2of2 Nov 2006.xls,.xls,GLAD7 (Malawi)/sample requests/GLAD7_Beuning_pollen_20061103/,GLAD7 (Malawi)/sample requests/GLAD7_Beuning_pollen_20061103/LacCore_SRF_part2of2 Nov 2006.xls,,12.49
GLAD7 (Malawi),Exclude,LacCore_GLAD7_SRF_part1of2.doc,.doc,GLAD7 (Malawi)/sample requests/GLAD7_Petrick_C14_20090302/,GLAD7 (Malawi)/sample requests/GLAD7_Petrick_C14_20090302/LacCore_GLAD7_SRF_part1of2.doc,,10.19
GLAD7 (Malawi),Exclude,LacCore_GLAD7_SRF_part2of2 ETB.xls,.xls,GLAD7 (Malawi)/sample requests/GLAD7_Petrick_C14_20090302/,GLAD7 (Malawi)/sample requests/GLAD7_Petrick_C14_20090302/LacCore_GLAD7_SRF_part2of2 ETB.xls,,10.19
GLAD7 (Malawi),Exclude,GLAD7_Stone_diatoms_20061026.xls,.xls,GLAD7 (Malawi)/sample requests/GLAD7_Stone_diatoms_20061026/,GLAD7 (Malawi)/sample requests/GLAD7_Stone_diatoms_20061026/GLAD7_Stone_diatoms_20061026.xls,,12.49
GLAD7 (Malawi),Exclude,LacCore_SRF_part2of2_Abbott_20090917.xls,.xls,GLAD7 (Malawi)/sample requests/,GLAD7 (Malawi)/sample requests/LacCore_SRF_part2of2_Abbott_20090917.xls,,9.51
GLAD7 (Malawi),Exclude,LacCore_SRF_part2of2complete_Ivory.xls,.xls,GLAD7 (Malawi)/sample requests/,GLAD7 (Malawi)/sample requests/LacCore_SRF_part2of2complete_Ivory.xls,,10.88
GLAD7 (Malawi),Exclude,MAL05-TCJ-sampls.xls,.xls,GLAD7 (Malawi)/sample requests/,GLAD7 (Malawi)/sample requests/MAL05-TCJ-sampls.xls,,12.48
GLAD7 (Malawi),Exclude,MALsamples4_15to4_17.xlsx,.xlsx,GLAD7 (Malawi)/sample requests/,GLAD7 (Malawi)/sample requests/MALsamples4_15to4_17.xlsx,,9.05
GLAD7 (Malawi),Exclude,MW LacCore_SRF_part2of2.xls,.xls,GLAD7 (Malawi)/sample requests/,GLAD7 (Malawi)/sample requests/MW LacCore_SRF_part2of2.xls,,12.19
GLAD7 (Malawi),Exclude,SRF2_GLAD7_Scholz_20070112.xls,.xls,GLAD7 (Malawi)/sample requests/,GLAD7 (Malawi)/sample requests/SRF2_GLAD7_Scholz_20070112.xls,,12.17
GLAD7 (Malawi),Exclude,Johnson_SRF_part1of2.doc,.doc,GLAD7 (Malawi)/sample requests/SRF_GLAD7_Johnson_20081201/,GLAD7 (Malawi)/sample requests/SRF_GLAD7_Johnson_20081201/Johnson_SRF_part1of2.doc,,10.42
GLAD7 (Malawi),Exclude,Johnson_SRF_part2of2.doc,.doc,GLAD7 (Malawi)/sample requests/SRF_GLAD7_Johnson_20081201/,GLAD7 (Malawi)/sample requests/SRF_GLAD7_Johnson_20081201/Johnson_SRF_part2of2.doc,,10.42
GLAD7 (Malawi),Exclude,LacCore_SRF_part2of2_GLAD7_Johnson_20081201.xls,.xls,GLAD7 (Malawi)/sample requests/SRF_GLAD7_Johnson_20081201/,GLAD7 (Malawi)/sample requests/SRF_GLAD7_Johnson_20081201/LacCore_SRF_part2of2_GLAD7_Johnson_20081201.xls,,10.42
GLAD7 (Malawi),Exclude,GLAD7-MAL05-1B-42E-2 copy.bmp,.bmp,GLAD7 (Malawi)/sample requests/SRF_GLAD7_Johnson_20081201/images/,GLAD7 (Malawi)/sample requests/SRF_GLAD7_Johnson_20081201/images/GLAD7-MAL05-1B-42E-2 copy.bmp,,10.42
GLAD7 (Malawi),Exclude,GLAD7-MAL05-1B-42E-3 copy.bmp,.bmp,GLAD7 (Malawi)/sample requests/SRF_GLAD7_Johnson_20081201/images/,GLAD7 (Malawi)/sample requests/SRF_GLAD7_Johnson_20081201/images/GLAD7-MAL05-1B-42E-3 copy.bmp,,10.42
GLAD7 (Malawi),Exclude,GLAD7-MAL05-1B-43E-2 copy.bmp,.bmp,GLAD7 (Malawi)/sample requests/SRF_GLAD7_Johnson_20081201/images/,GLAD7 (Malawi)/sample requests/SRF_GLAD7_Johnson_20081201/images/GLAD7-MAL05-1B-43E-2 copy.bmp,,10.42
GLAD7 (Malawi),Exclude,GLAD7-MAL05-1B-44E-4 copy.bmp,.bmp,GLAD7 (Malawi)/sample requests/SRF_GLAD7_Johnson_20081201/images/,GLAD7 (Malawi)/sample requests/SRF_GLAD7_Johnson_20081201/images/GLAD7-MAL05-1B-44E-4 copy.bmp,,10.42
GLAD7 (Malawi),Exclude,GLAD7-MAL05-1B-45E-2 copy.bmp,.bmp,GLAD7 (Malawi)/sample requests/SRF_GLAD7_Johnson_20081201/images/,GLAD7 (Malawi)/sample requests/SRF_GLAD7_Johnson_20081201/images/GLAD7-MAL05-1B-45E-2 copy.bmp,,10.42
GLAD7 (Malawi),Exclude,ptf-Johnson_GLAD7_20081201.doc,.doc,GLAD7 (Malawi)/sample requests/SRF_GLAD7_Johnson_20081201/,GLAD7 (Malawi)/sample requests/SRF_GLAD7_Johnson_20081201/ptf-Johnson_GLAD7_20081201.doc,,10.42
GLAD7 (Malawi),Exclude,~$hnson_SRF_part1of2.doc,.doc,GLAD7 (Malawi)/sample requests/SRF_GLAD7_Johnson_20081201/,GLAD7 (Malawi)/sample requests/SRF_GLAD7_Johnson_20081201/~$hnson_SRF_part1of2.doc,,10.42
GLAD7 (Malawi),Exclude,split core count.xls,.xls,GLAD7 (Malawi)/,GLAD7 (Malawi)/split core count.xls,,13.59
GLAD7 (Malawi),Exclude,supplies needs.xls,.xls,GLAD7 (Malawi)/,GLAD7 (Malawi)/supplies needs.xls,,14.00
